id,name,model_id:id,group_id:id,perm_read,perm_write,perm_create,perm_unlink
access_real_estate_p_property,real_estate_p.property,model_real_estate_p_property,base.group_user,1,1,1,1
access_real_estate_p_lease,real_estate_p.lease,model_real_estate_p_lease,base.group_user,1,1,1,1
access_property_agent,property.agent,model_real_estate_property,real_estate.group_agent,1,1,1,0
access_property_manager,property.manager,model_real_estate_property,real_estate.group_property_manager,1,1,1,1
access_tenant,tenant.user,model_real_estate_tenant,real_estate.group_tenant,1,0,1,0
access_tenant_manager,tenant.manager,model_real_estate_tenant,real_estate.group_tenant_manager,1,1,0,1
access_lease_tenant,lease.tenant,model_real_estate_lease,real_estate.group_tenant,1,1,1,1
access_lease_manager,lease.manager,model_real_estate_lease,real_estate.group_tenant_manager,1,1,1,1
access_lease_wizard_agent,lease.wizard.agent,model_real_estate_lease_wizard,real_estate.group_agent,1,1,1,1
access_lease_wizard_manager,lease.wizard.manager,model_real_estate_lease_wizard,real_estate.group_lease_manager,1,1,1,1
